CrashTownName,Description,Count
Andover,Dry,66
Andover,Ice / Frost,4
Andover,Snow,4
Andover,Wet,5
Ansonia,Dry,507
Ansonia,Ice / Frost,4
Ansonia,Sand,2
Ansonia,Slush,4
Ansonia,Snow,5
Ansonia,Wet,102
Ashford,Dry,86
Ashford,Ice / Frost,4
Ashford,"Mud, Dirt, Gravel",5
Ashford,Slush,4
Ashford,Snow,11
Ashford,Wet,17
Avon,Dry,512
Avon,Ice / Frost,14
Avon,"Mud, Dirt, Gravel",1
Avon,Slush,6
Avon,Snow,29
Avon,Wet,114
Barkhamsted,Dry,86
Barkhamsted,Ice / Frost,1
Barkhamsted,"Mud, Dirt, Gravel",3
Barkhamsted,Slush,6
Barkhamsted,Snow,5
Barkhamsted,Wet,20
Beacon Falls,Dry,146
Beacon Falls,Ice / Frost,10
Beacon Falls,Other,1
Beacon Falls,Slush,5
Beacon Falls,Snow,5
Beacon Falls,Wet,46
Berlin,Dry,992
Berlin,Ice / Frost,20
Berlin,Other,1
Berlin,Slush,19
Berlin,Snow,29
Berlin,Wet,250
Bethany,Dry,131
Bethany,Ice / Frost,5
Bethany,Slush,2
Bethany,Snow,8
Bethany,Wet,22
Bethel,Dry,637
Bethel,Ice / Frost,12
Bethel,Moving Water,1
Bethel,Oil,1
Bethel,Other,3
Bethel,Sand,1
Bethel,Slush,5
Bethel,Snow,16
Bethel,Wet,154
Bethlehem,Dry,39
Bethlehem,Other,1
Bethlehem,Snow,5
Bethlehem,Wet,8
Bloomfield,Dry,1038
Bloomfield,Ice / Frost,19
Bloomfield,"Mud, Dirt, Gravel",2
Bloomfield,Other,1
Bloomfield,Slush,10
Bloomfield,Snow,24
Bloomfield,Wet,200
Bolton,Dry,117
Bolton,Ice / Frost,2
Bolton,Other,1
Bolton,Slush,2
Bolton,Snow,5
Bolton,Wet,28
Bozrah,Dry,61
Bozrah,Ice / Frost,7
Bozrah,Slush,1
Bozrah,Snow,2
Bozrah,Wet,20
Branford,Dry,1070
Branford,Ice / Frost,10
Branford,"Mud, Dirt, Gravel",3
Branford,Slush,4
Branford,Snow,9
Branford,Wet,177
Bridgeport,Dry,9289
Bridgeport,Ice / Frost,82
Bridgeport,Moving Water,5
Bridgeport,"Mud, Dirt, Gravel",2
Bridgeport,Other,3
Bridgeport,Slush,29
Bridgeport,Snow,108
Bridgeport,Standing Water,3
Bridgeport,Wet,1598
Bridgewater,Dry,43
Bridgewater,Ice / Frost,1
Bridgewater,Slush,1
Bridgewater,Snow,1
Bridgewater,Wet,6
Bristol,Dry,2234
Bristol,Ice / Frost,39
Bristol,Other,2
Bristol,Slush,29
Bristol,Snow,67
Bristol,Standing Water,2
Bristol,Wet,446
Brookfield,Dry,655
Brookfield,Ice / Frost,6
Brookfield,"Mud, Dirt, Gravel",1
Brookfield,Oil,1
Brookfield,Slush,8
Brookfield,Snow,15
Brookfield,Wet,99
Brooklyn,Dry,166
Brooklyn,Ice / Frost,3
Brooklyn,Snow,9
Brooklyn,Wet,36
Burlington,Dry,133
Burlington,Ice / Frost,8
Burlington,"Mud, Dirt, Gravel",2
Burlington,Other,1
Burlington,Slush,3
Burlington,Snow,7
Burlington,Wet,31
Canaan,Dry,37
Canaan,Ice / Frost,2
Canaan,"Mud, Dirt, Gravel",1
Canaan,Sand,1
Canaan,Slush,4
Canaan,Snow,8
Canaan,Wet,5
Canterbury,Dry,85
Canterbury,Ice / Frost,5
Canterbury,"Mud, Dirt, Gravel",1
Canterbury,Slush,4
Canterbury,Snow,7
Canterbury,Wet,15
Canton,Dry,312
Canton,Ice / Frost,8
Canton,Slush,4
Canton,Snow,8
Canton,Wet,47
Chaplin,Dry,63
Chaplin,Ice / Frost,3
Chaplin,Other,1
Chaplin,Slush,4
Chaplin,Snow,2
Chaplin,Wet,13
Cheshire,Dry,919
Cheshire,Ice / Frost,19
Cheshire,Other,2
Cheshire,Sand,1
Cheshire,Slush,13
Cheshire,Snow,21
Cheshire,Wet,181
Chester,Dry,84
Chester,Ice / Frost,7
Chester,Slush,2
Chester,Snow,5
Chester,Wet,16
Clinton,Dry,332
Clinton,Ice / Frost,4
Clinton,"Mud, Dirt, Gravel",1
Clinton,Slush,5
Clinton,Snow,12
Clinton,Standing Water,1
Clinton,Wet,68
Colchester,Dry,337
Colchester,Ice / Frost,17
Colchester,"Mud, Dirt, Gravel",2
Colchester,Slush,8
Colchester,Snow,25
Colchester,Wet,76
Colebrook,Dry,21
Colebrook,Ice / Frost,4
Colebrook,"Mud, Dirt, Gravel",1
Colebrook,Slush,2
Colebrook,Snow,7
Colebrook,Wet,5
Columbia,Dry,107
Columbia,Ice / Frost,5
Columbia,Slush,3
Columbia,Snow,6
Columbia,Wet,24
Cornwall,Dry,39
Cornwall,Ice / Frost,6
Cornwall,"Mud, Dirt, Gravel",1
Cornwall,Slush,1
Cornwall,Snow,8
Cornwall,Wet,3
Coventry,Dry,290
Coventry,Ice / Frost,14
Coventry,Other,2
Coventry,Sand,1
Coventry,Slush,7
Coventry,Snow,24
Coventry,Wet,78
Cromwell,Dry,752
Cromwell,Ice / Frost,12
Cromwell,"Mud, Dirt, Gravel",1
Cromwell,Slush,8
Cromwell,Snow,22
Cromwell,Wet,159
Danbury,Dry,4829
Danbury,Ice / Frost,63
Danbury,Moving Water,1
Danbury,"Mud, Dirt, Gravel",4
Danbury,Other,1
Danbury,Sand,1
Danbury,Slush,29
Danbury,Snow,124
Danbury,Standing Water,4
Danbury,Wet,1046
Darien,Dry,1126
Darien,Ice / Frost,7
Darien,Slush,5
Darien,Snow,28
Darien,Wet,218
Deep River,Dry,99
Deep River,Ice / Frost,5
Deep River,Slush,2
Deep River,Snow,4
Deep River,Wet,24
Derby,Dry,640
Derby,Ice / Frost,5
Derby,"Mud, Dirt, Gravel",1
Derby,Slush,3
Derby,Snow,13
Derby,Standing Water,2
Derby,Wet,148
Durham,Dry,163
Durham,Ice / Frost,13
Durham,Slush,1
Durham,Snow,6
Durham,Wet,39
East Granby,Dry,160
East Granby,Ice / Frost,2
East Granby,Slush,2
East Granby,Snow,11
East Granby,Wet,31
East Haddam,Dry,115
East Haddam,Ice / Frost,8
East Haddam,"Mud, Dirt, Gravel",3
East Haddam,Sand,3
East Haddam,Slush,1
East Haddam,Snow,4
East Haddam,Wet,35
East Hampton,Dry,180
East Hampton,Ice / Frost,9
East Hampton,"Mud, Dirt, Gravel",3
East Hampton,Other,1
East Hampton,Sand,1
East Hampton,Snow,6
East Hampton,Wet,43
East Hartford,Dry,2405
East Hartford,Ice / Frost,38
East Hartford,Moving Water,2
East Hartford,"Mud, Dirt, Gravel",1
East Hartford,Oil,1
East Hartford,Other,4
East Hartford,Sand,1
East Hartford,Slush,15
East Hartford,Snow,44
East Hartford,Standing Water,2
East Hartford,Wet,440
East Haven,Dry,980
East Haven,Ice / Frost,6
East Haven,Oil,1
East Haven,Slush,6
East Haven,Snow,26
East Haven,Wet,143
East Lyme,Dry,553
East Lyme,Ice / Frost,3
East Lyme,Slush,8
East Lyme,Snow,13
East Lyme,Wet,68
East Windsor,Dry,517
East Windsor,Ice / Frost,10
East Windsor,Sand,1
East Windsor,Slush,3
East Windsor,Snow,12
East Windsor,Wet,112
Eastford,Dry,23
Eastford,Ice / Frost,5
Eastford,Slush,3
Eastford,Snow,5
Eastford,Wet,12
Easton,Dry,204
Easton,Ice / Frost,3
Easton,Slush,6
Easton,Snow,10
Easton,Wet,44
Ellington,Dry,215
Ellington,Ice / Frost,10
Ellington,"Mud, Dirt, Gravel",2
Ellington,Other,1
Ellington,Slush,10
Ellington,Snow,13
Ellington,Wet,53
Enfield,Dry,1119
Enfield,Ice / Frost,16
Enfield,"Mud, Dirt, Gravel",4
Enfield,Other,2
Enfield,Sand,1
Enfield,Slush,9
Enfield,Snow,43
Enfield,Standing Water,4
Enfield,Wet,219
Essex,Dry,107
Essex,Ice / Frost,1
Essex,Slush,3
Essex,Snow,6
Essex,Wet,15
Fairfield,Dry,2937
Fairfield,Ice / Frost,36
Fairfield,Moving Water,4
Fairfield,"Mud, Dirt, Gravel",1
Fairfield,Other,1
Fairfield,Sand,1
Fairfield,Slush,17
Fairfield,Snow,66
Fairfield,Wet,572
Farmington,Dry,1324
Farmington,Ice / Frost,32
Farmington,"Mud, Dirt, Gravel",4
Farmington,Sand,3
Farmington,Slush,22
Farmington,Snow,46
Farmington,Standing Water,1
Farmington,Wet,317
Franklin,Dry,99
Franklin,Ice / Frost,1
Franklin,"Mud, Dirt, Gravel",3
Franklin,Slush,1
Franklin,Snow,3
Franklin,Wet,17
Glastonbury,Dry,896
Glastonbury,Ice / Frost,26
Glastonbury,"Mud, Dirt, Gravel",1
Glastonbury,Other,1
Glastonbury,Sand,1
Glastonbury,Slush,5
Glastonbury,Snow,26
Glastonbury,Standing Water,2
Glastonbury,Wet,183
Goshen,Dry,37
Goshen,Ice / Frost,2
Goshen,"Mud, Dirt, Gravel",2
Goshen,Slush,4
Goshen,Snow,12
Goshen,Wet,12
Granby,Dry,224
Granby,Ice / Frost,9
Granby,Slush,4
Granby,Snow,7
Granby,Standing Water,1
Granby,Wet,43
Greenwich,Dry,2708
Greenwich,Ice / Frost,27
Greenwich,Moving Water,1
Greenwich,"Mud, Dirt, Gravel",4
Greenwich,Other,2
Greenwich,Slush,16
Greenwich,Snow,44
Greenwich,Standing Water,2
Greenwich,Wet,551
Griswold,Dry,220
Griswold,Ice / Frost,12
Griswold,"Mud, Dirt, Gravel",1
Griswold,Slush,2
Griswold,Snow,6
Griswold,Standing Water,2
Griswold,Wet,51
Groton,Dry,1232
Groton,Ice / Frost,14
Groton,Moving Water,1
Groton,"Mud, Dirt, Gravel",1
Groton,Other,2
Groton,Slush,9
Groton,Snow,38
Groton,Standing Water,7
Groton,Wet,206
Guilford,Dry,591
Guilford,Ice / Frost,6
Guilford,Moving Water,2
Guilford,"Mud, Dirt, Gravel",1
Guilford,Slush,3
Guilford,Snow,15
Guilford,Standing Water,3
Guilford,Wet,126
Haddam,Dry,179
Haddam,Ice / Frost,12
Haddam,"Mud, Dirt, Gravel",5
Haddam,Other,1
Haddam,Slush,9
Haddam,Snow,9
Haddam,Wet,64
Hamden,Dry,3018
Hamden,Ice / Frost,37
Hamden,Moving Water,2
Hamden,"Mud, Dirt, Gravel",1
Hamden,Oil,1
Hamden,Other,3
Hamden,Sand,1
Hamden,Slush,16
Hamden,Snow,74
Hamden,Wet,505
Hampton,Dry,30
Hampton,Ice / Frost,6
Hampton,Wet,7
Hartford,Dry,10593
Hartford,Ice / Frost,116
Hartford,Moving Water,1
Hartford,"Mud, Dirt, Gravel",5
Hartford,Oil,2
Hartford,Other,8
Hartford,Sand,2
Hartford,Slush,78
Hartford,Snow,158
Hartford,Standing Water,3
Hartford,Wet,2212
Hartland,Dry,16
Hartland,Ice / Frost,4
Hartland,Slush,2
Hartland,Snow,1
Hartland,Wet,7
Harwinton,Dry,160
Harwinton,Ice / Frost,10
Harwinton,"Mud, Dirt, Gravel",2
Harwinton,Slush,3
Harwinton,Snow,21
Harwinton,Standing Water,1
Harwinton,Wet,20
Hebron,Dry,119
Hebron,Ice / Frost,3
Hebron,Slush,2
Hebron,Snow,9
Hebron,Wet,17
Kent,Dry,39
Kent,Ice / Frost,1
Kent,"Mud, Dirt, Gravel",1
Kent,Slush,3
Kent,Snow,5
Kent,Wet,13
Killingly,Dry,494
Killingly,Ice / Frost,35
Killingly,Moving Water,1
Killingly,"Mud, Dirt, Gravel",3
Killingly,Sand,1
Killingly,Slush,13
Killingly,Snow,35
Killingly,Standing Water,2
Killingly,Wet,89
Killingworth,Dry,103
Killingworth,Ice / Frost,6
Killingworth,Slush,1
Killingworth,Snow,5
Killingworth,Wet,18
Lebanon,Dry,129
Lebanon,Ice / Frost,5
Lebanon,"Mud, Dirt, Gravel",2
Lebanon,Slush,1
Lebanon,Snow,4
Lebanon,Wet,34
Ledyard,Dry,229
Ledyard,Ice / Frost,12
Ledyard,Other,1
Ledyard,Slush,4
Ledyard,Snow,6
Ledyard,Wet,51
Lisbon,Dry,161
Lisbon,Ice / Frost,3
Lisbon,Moving Water,2
Lisbon,Slush,1
Lisbon,Snow,12
Lisbon,Standing Water,1
Lisbon,Wet,37
Litchfield,Dry,284
Litchfield,Ice / Frost,10
Litchfield,"Mud, Dirt, Gravel",3
Litchfield,Sand,1
Litchfield,Slush,13
Litchfield,Snow,12
Litchfield,Wet,62
Lyme,Dry,23
Lyme,Ice / Frost,1
Lyme,Snow,1
Lyme,Wet,6
Madison,Dry,446
Madison,Ice / Frost,6
Madison,"Mud, Dirt, Gravel",2
Madison,Oil,1
Madison,Other,2
Madison,Slush,4
Madison,Snow,14
Madison,Standing Water,1
Madison,Wet,78
Manchester,Dry,2395
Manchester,Ice / Frost,51
Manchester,Moving Water,1
Manchester,"Mud, Dirt, Gravel",2
Manchester,Other,1
Manchester,Slush,21
Manchester,Snow,71
Manchester,Standing Water,1
Manchester,Wet,491
Mansfield,Dry,573
Mansfield,Ice / Frost,23
Mansfield,"Mud, Dirt, Gravel",2
Mansfield,Sand,1
Mansfield,Slush,7
Mansfield,Snow,40
Mansfield,Standing Water,1
Mansfield,Wet,131
Marlborough,Dry,155
Marlborough,Ice / Frost,7
Marlborough,Moving Water,1
Marlborough,Slush,8
Marlborough,Snow,14
Marlborough,Wet,53
Mashantucket,Dry,1
Meriden,Dry,3297
Meriden,Ice / Frost,52
Meriden,Moving Water,3
Meriden,"Mud, Dirt, Gravel",5
Meriden,Oil,1
Meriden,Other,3
Meriden,Sand,2
Meriden,Slush,29
Meriden,Snow,82
Meriden,Standing Water,4
Meriden,Wet,708
Middlebury,Dry,418
Middlebury,Ice / Frost,8
Middlebury,Slush,6
Middlebury,Snow,11
Middlebury,Wet,96
Middlefield,Dry,113
Middlefield,Ice / Frost,8
Middlefield,Other,1
Middlefield,Slush,4
Middlefield,Snow,6
Middlefield,Wet,17
Middletown,Dry,2386
Middletown,Ice / Frost,28
Middletown,Moving Water,1
Middletown,"Mud, Dirt, Gravel",3
Middletown,Other,2
Middletown,Slush,15
Middletown,Snow,43
Middletown,Standing Water,1
Middletown,Wet,509
Milford,Dry,2657
Milford,Ice / Frost,22
Milford,"Mud, Dirt, Gravel",3
Milford,Oil,1
Milford,Other,1
Milford,Slush,12
Milford,Snow,50
Milford,Wet,460
Monroe,Dry,557
Monroe,Ice / Frost,16
Monroe,"Mud, Dirt, Gravel",3
Monroe,Sand,2
Monroe,Slush,5
Monroe,Snow,27
Monroe,Wet,181
Montville,Dry,575
Montville,Ice / Frost,14
Montville,Moving Water,2
Montville,"Mud, Dirt, Gravel",1
Montville,Slush,13
Montville,Snow,34
Montville,Standing Water,6
Montville,Wet,143
Morris,Dry,52
Morris,Ice / Frost,1
Morris,Sand,1
Morris,Slush,1
Morris,Snow,3
Morris,Wet,11
Naugatuck,Dry,863
Naugatuck,Ice / Frost,24
Naugatuck,Moving Water,1
Naugatuck,"Mud, Dirt, Gravel",1
Naugatuck,Other,3
Naugatuck,Sand,2
Naugatuck,Slush,6
Naugatuck,Snow,21
Naugatuck,Standing Water,1
Naugatuck,Wet,173
New Britain,Dry,2388
New Britain,Ice / Frost,42
New Britain,Moving Water,1
New Britain,"Mud, Dirt, Gravel",3
New Britain,Other,2
New Britain,Slush,41
New Britain,Snow,61
New Britain,Standing Water,3
New Britain,Wet,478
New Canaan,Dry,658
New Canaan,Ice / Frost,5
New Canaan,Other,2
New Canaan,Slush,6
New Canaan,Snow,27
New Canaan,Wet,105
New Fairfield,Dry,152
New Fairfield,Ice / Frost,8
New Fairfield,Sand,1
New Fairfield,Slush,7
New Fairfield,Snow,17
New Fairfield,Wet,40
New Hartford,Dry,167
New Hartford,Ice / Frost,5
New Hartford,"Mud, Dirt, Gravel",1
New Hartford,Other,1
New Hartford,Sand,2
New Hartford,Slush,6
New Hartford,Snow,11
New Hartford,Wet,41
New Haven,Dry,10562
New Haven,Ice / Frost,73
New Haven,"Mud, Dirt, Gravel",3
New Haven,Oil,1
New Haven,Other,4
New Haven,Slush,53
New Haven,Snow,183
New Haven,Wet,1915
New London,Dry,1445
New London,Ice / Frost,12
New London,Moving Water,2
New London,Other,7
New London,Slush,12
New London,Snow,29
New London,Wet,292
New Milford,Dry,837
New Milford,Ice / Frost,10
New Milford,"Mud, Dirt, Gravel",10
New Milford,Other,1
New Milford,Slush,11
New Milford,Snow,41
New Milford,Wet,188
Newington,Dry,1303
Newington,Ice / Frost,12
Newington,Other,1
Newington,Sand,1
Newington,Slush,12
Newington,Snow,20
Newington,Standing Water,1
Newington,Wet,270
Newtown,Dry,1232
Newtown,Ice / Frost,24
Newtown,"Mud, Dirt, Gravel",4
Newtown,Oil,1
Newtown,Sand,5
Newtown,Slush,17
Newtown,Snow,54
Newtown,Wet,233
Norfolk,Dry,25
Norfolk,Ice / Frost,8
Norfolk,"Mud, Dirt, Gravel",1
Norfolk,Slush,1
Norfolk,Snow,7
Norfolk,Wet,6
North Branford,Dry,317
North Branford,Ice / Frost,6
North Branford,Slush,2
North Branford,Snow,19
North Branford,Wet,77
North Canaan,Dry,86
North Canaan,Slush,1
North Canaan,Snow,1
North Canaan,Wet,33
North Haven,Dry,1889
North Haven,Ice / Frost,24
North Haven,Moving Water,3
North Haven,"Mud, Dirt, Gravel",1
North Haven,Slush,15
North Haven,Snow,28
North Haven,Wet,288
North Stonington,Dry,189
North Stonington,Ice / Frost,8
North Stonington,Slush,3
North Stonington,Snow,12
North Stonington,Wet,31
Norwalk,Dry,5058
Norwalk,Ice / Frost,28
Norwalk,Moving Water,5
Norwalk,"Mud, Dirt, Gravel",1
Norwalk,Oil,1
Norwalk,Other,3
Norwalk,Slush,19
Norwalk,Snow,87
Norwalk,Standing Water,1
Norwalk,Wet,848
Norwich,Dry,1930
Norwich,Ice / Frost,32
Norwich,Moving Water,1
Norwich,"Mud, Dirt, Gravel",5
Norwich,Other,1
Norwich,Sand,1
Norwich,Slush,15
Norwich,Snow,64
Norwich,Standing Water,4
Norwich,Wet,401
Old Lyme,Dry,248
Old Lyme,Ice / Frost,4
Old Lyme,Moving Water,1
Old Lyme,Snow,6
Old Lyme,Standing Water,1
Old Lyme,Wet,42
Old Saybrook,Dry,463
Old Saybrook,Ice / Frost,3
Old Saybrook,Slush,1
Old Saybrook,Snow,19
Old Saybrook,Wet,63
Orange,Dry,1529
Orange,Ice / Frost,10
Orange,"Mud, Dirt, Gravel",1
Orange,Slush,6
Orange,Snow,28
Orange,Wet,252
Oxford,Dry,267
Oxford,Ice / Frost,12
Oxford,Sand,1
Oxford,Slush,5
Oxford,Snow,20
Oxford,Wet,47
Plainfield,Dry,411
Plainfield,Ice / Frost,19
Plainfield,Moving Water,2
Plainfield,"Mud, Dirt, Gravel",1
Plainfield,Sand,1
Plainfield,Slush,12
Plainfield,Snow,26
Plainfield,Standing Water,1
Plainfield,Wet,101
Plainville,Dry,841
Plainville,Ice / Frost,19
Plainville,Slush,7
Plainville,Snow,19
Plainville,Wet,198
Plymouth,Dry,307
Plymouth,Ice / Frost,7
Plymouth,"Mud, Dirt, Gravel",1
Plymouth,Slush,5
Plymouth,Snow,23
Plymouth,Wet,65
Pomfret,Dry,73
Pomfret,Ice / Frost,7
Pomfret,Other,1
Pomfret,Slush,2
Pomfret,Snow,8
Pomfret,Wet,16
Portland,Dry,241
Portland,Ice / Frost,7
Portland,"Mud, Dirt, Gravel",2
Portland,Other,1
Portland,Sand,1
Portland,Slush,2
Portland,Snow,6
Portland,Wet,47
Preston,Dry,211
Preston,Ice / Frost,6
Preston,Slush,4
Preston,Snow,6
Preston,Wet,43
Prospect,Dry,200
Prospect,Ice / Frost,5
Prospect,"Mud, Dirt, Gravel",1
Prospect,Other,1
Prospect,Slush,2
Prospect,Snow,9
Prospect,Wet,54
Putnam,Dry,244
Putnam,Ice / Frost,10
Putnam,"Mud, Dirt, Gravel",1
Putnam,Other,1
Putnam,Slush,8
Putnam,Snow,16
Putnam,Standing Water,2
Putnam,Wet,61
Redding,Dry,250
Redding,Ice / Frost,22
Redding,"Mud, Dirt, Gravel",2
Redding,Slush,6
Redding,Snow,23
Redding,Standing Water,1
Redding,Wet,59
Ridgefield,Dry,546
Ridgefield,Ice / Frost,16
Ridgefield,Moving Water,1
Ridgefield,Other,1
Ridgefield,Slush,7
Ridgefield,Snow,31
Ridgefield,Wet,151
Rocky Hill,Dry,898
Rocky Hill,Ice / Frost,9
Rocky Hill,Moving Water,1
Rocky Hill,Other,1
Rocky Hill,Slush,8
Rocky Hill,Snow,15
Rocky Hill,Wet,154
Roxbury,Dry,61
Roxbury,Ice / Frost,5
Roxbury,Other,1
Roxbury,Slush,1
Roxbury,Snow,6
Roxbury,Wet,14
Salem,Dry,72
Salem,Ice / Frost,7
Salem,Slush,2
Salem,Snow,4
Salem,Wet,24
Salisbury,Dry,86
Salisbury,Ice / Frost,5
Salisbury,"Mud, Dirt, Gravel",2
Salisbury,Other,1
Salisbury,Sand,2
Salisbury,Slush,1
Salisbury,Snow,15
Salisbury,Wet,30
Scotland,Dry,30
Scotland,Ice / Frost,2
Scotland,Slush,1
Scotland,Snow,2
Scotland,Wet,5
Seymour,Dry,538
Seymour,Ice / Frost,16
Seymour,Slush,7
Seymour,Snow,12
Seymour,Wet,160
Sharon,Dry,58
Sharon,Ice / Frost,3
Sharon,"Mud, Dirt, Gravel",1
Sharon,Slush,3
Sharon,Snow,3
Sharon,Wet,16
Shelton,Dry,1275
Shelton,Ice / Frost,28
Shelton,"Mud, Dirt, Gravel",1
Shelton,Oil,1
Shelton,Other,2
Shelton,Slush,5
Shelton,Snow,42
Shelton,Standing Water,1
Shelton,Wet,216
Sherman,Dry,65
Sherman,Ice / Frost,4
Sherman,Snow,4
Sherman,Wet,17
Simsbury,Dry,518
Simsbury,Ice / Frost,7
Simsbury,"Mud, Dirt, Gravel",1
Simsbury,Slush,7
Simsbury,Snow,29
Simsbury,Wet,87
Somers,Dry,131
Somers,Ice / Frost,13
Somers,"Mud, Dirt, Gravel",1
Somers,Oil,1
Somers,Sand,1
Somers,Slush,6
Somers,Snow,12
Somers,Wet,38
South Windsor,Dry,619
South Windsor,Ice / Frost,11
South Windsor,"Mud, Dirt, Gravel",1
South Windsor,Sand,2
South Windsor,Slush,10
South Windsor,Snow,22
South Windsor,Wet,144
Southbury,Dry,689
Southbury,Ice / Frost,16
Southbury,"Mud, Dirt, Gravel",3
Southbury,Other,1
Southbury,Sand,1
Southbury,Slush,7
Southbury,Snow,37
Southbury,Wet,139
Southington,Dry,1623
Southington,Ice / Frost,34
Southington,Moving Water,1
Southington,"Mud, Dirt, Gravel",1
Southington,Oil,1
Southington,Other,1
Southington,Slush,21
Southington,Snow,46
Southington,Wet,371
Sprague,Dry,48
Sprague,Ice / Frost,4
Sprague,Snow,2
Sprague,Wet,5
Stafford,Dry,193
Stafford,Ice / Frost,10
Stafford,"Mud, Dirt, Gravel",3
Stafford,Slush,9
Stafford,Snow,13
Stafford,Wet,47
Stamford,Dry,8241
Stamford,Ice / Frost,53
Stamford,Moving Water,2
Stamford,"Mud, Dirt, Gravel",1
Stamford,Other,4
Stamford,Sand,2
Stamford,Slush,44
Stamford,Snow,155
Stamford,Standing Water,3
Stamford,Wet,1443
Sterling,Dry,43
Sterling,Ice / Frost,3
Sterling,Snow,3
Sterling,Wet,9
Stonington,Dry,626
Stonington,Ice / Frost,9
Stonington,"Mud, Dirt, Gravel",3
Stonington,Slush,17
Stonington,Snow,26
Stonington,Wet,110
Stratford,Dry,2639
Stratford,Ice / Frost,11
Stratford,Moving Water,2
Stratford,Other,2
Stratford,Sand,2
Stratford,Slush,7
Stratford,Snow,51
Stratford,Wet,452
Suffield,Dry,301
Suffield,Ice / Frost,7
Suffield,Oil,1
Suffield,Slush,3
Suffield,Snow,20
Suffield,Wet,64
Thomaston,Dry,313
Thomaston,Ice / Frost,17
Thomaston,Slush,5
Thomaston,Snow,24
Thomaston,Wet,76
Thompson,Dry,200
Thompson,Ice / Frost,9
Thompson,Other,2
Thompson,Slush,13
Thompson,Snow,11
Thompson,Wet,36
Tolland,Dry,302
Tolland,Ice / Frost,18
Tolland,"Mud, Dirt, Gravel",5
Tolland,Slush,21
Tolland,Snow,24
Tolland,Standing Water,1
Tolland,Wet,80
Torrington,Dry,1208
Torrington,Ice / Frost,26
Torrington,"Mud, Dirt, Gravel",4
Torrington,Slush,13
Torrington,Snow,50
Torrington,Wet,195
Trumbull,Dry,1595
Trumbull,Ice / Frost,22
Trumbull,Moving Water,5
Trumbull,"Mud, Dirt, Gravel",3
Trumbull,Slush,10
Trumbull,Snow,53
Trumbull,Standing Water,1
Trumbull,Wet,340
Union,Dry,55
Union,Ice / Frost,6
Union,Slush,17
Union,Snow,12
Union,Wet,14
Vernon,Dry,1126
Vernon,Ice / Frost,30
Vernon,"Mud, Dirt, Gravel",1
Vernon,Other,1
Vernon,Slush,15
Vernon,Snow,49
Vernon,Wet,239
Voluntown,Dry,48
Voluntown,Ice / Frost,2
Voluntown,"Mud, Dirt, Gravel",3
Voluntown,Sand,1
Voluntown,Snow,3
Voluntown,Wet,10
Wallingford,Dry,1924
Wallingford,Ice / Frost,32
Wallingford,Moving Water,3
Wallingford,Other,2
Wallingford,Slush,13
Wallingford,Snow,57
Wallingford,Wet,378
Warren,Dry,12
Warren,"Mud, Dirt, Gravel",1
Warren,Snow,2
Warren,Wet,6
Washington,Dry,83
Washington,Ice / Frost,8
Washington,"Mud, Dirt, Gravel",1
Washington,Snow,7
Washington,Wet,21
Waterbury,Dry,8022
Waterbury,Ice / Frost,164
Waterbury,Moving Water,6
Waterbury,"Mud, Dirt, Gravel",13
Waterbury,Oil,1
Waterbury,Other,8
Waterbury,Sand,55
Waterbury,Slush,77
Waterbury,Snow,206
Waterbury,Standing Water,9
Waterbury,Wet,1674
Waterford,Dry,873
Waterford,Ice / Frost,12
Waterford,Moving Water,1
Waterford,"Mud, Dirt, Gravel",1
Waterford,Sand,1
Waterford,Slush,3
Waterford,Snow,22
Waterford,Standing Water,2
Waterford,Wet,176
Watertown,Dry,583
Watertown,Ice / Frost,15
Watertown,"Mud, Dirt, Gravel",1
Watertown,Oil,1
Watertown,Other,1
Watertown,Sand,3
Watertown,Slush,10
Watertown,Snow,35
Watertown,Wet,110
West Hartford,Dry,2527
West Hartford,Ice / Frost,27
West Hartford,Other,2
West Hartford,Slush,16
West Hartford,Snow,49
West Hartford,Wet,496
West Haven,Dry,2725
West Haven,Ice / Frost,23
West Haven,"Mud, Dirt, Gravel",1
West Haven,Other,2
West Haven,Slush,8
West Haven,Snow,65
West Haven,Standing Water,1
West Haven,Wet,404
Westbrook,Dry,203
Westbrook,Ice / Frost,2
Westbrook,Snow,4
Westbrook,Wet,37
Weston,Dry,71
Weston,Ice / Frost,2
Weston,"Mud, Dirt, Gravel",1
Weston,Snow,5
Weston,Wet,26
Westport,Dry,1909
Westport,Ice / Frost,12
Westport,Moving Water,1
Westport,"Mud, Dirt, Gravel",1
Westport,Other,1
Westport,Slush,5
Westport,Snow,36
Westport,Wet,298
Wethersfield,Dry,1257
Wethersfield,Ice / Frost,10
Wethersfield,"Mud, Dirt, Gravel",2
Wethersfield,Slush,12
Wethersfield,Snow,29
Wethersfield,Standing Water,1
Wethersfield,Wet,251
Willington,Dry,140
Willington,Ice / Frost,10
Willington,"Mud, Dirt, Gravel",3
Willington,Slush,10
Willington,Snow,11
Willington,Wet,44
Wilton,Dry,686
Wilton,Ice / Frost,18
Wilton,"Mud, Dirt, Gravel",3
Wilton,Slush,6
Wilton,Snow,27
Wilton,Wet,144
Winchester,Dry,349
Winchester,Ice / Frost,19
Winchester,Moving Water,1
Winchester,"Mud, Dirt, Gravel",1
Winchester,Other,2
Winchester,Slush,6
Winchester,Snow,24
Winchester,Wet,73
Windham,Dry,700
Windham,Ice / Frost,27
Windham,Sand,4
Windham,Slush,4
Windham,Snow,16
Windham,Standing Water,1
Windham,Wet,142
Windsor,Dry,1601
Windsor,Ice / Frost,25
Windsor,Other,1
Windsor,Slush,30
Windsor,Snow,65
Windsor,Standing Water,1
Windsor,Wet,293
Windsor Locks,Dry,459
Windsor Locks,Ice / Frost,8
Windsor Locks,"Mud, Dirt, Gravel",2
Windsor Locks,Slush,12
Windsor Locks,Snow,15
Windsor Locks,Wet,114
Wolcott,Dry,298
Wolcott,Ice / Frost,13
Wolcott,"Mud, Dirt, Gravel",1
Wolcott,Other,1
Wolcott,Sand,1
Wolcott,Slush,4
Wolcott,Snow,22
Wolcott,Wet,100
Woodbridge,Dry,423
Woodbridge,Ice / Frost,14
Woodbridge,Slush,6
Woodbridge,Snow,13
Woodbridge,Standing Water,1
Woodbridge,Wet,91
Woodbury,Dry,194
Woodbury,Ice / Frost,11
Woodbury,"Mud, Dirt, Gravel",4
Woodbury,Sand,1
Woodbury,Slush,7
Woodbury,Snow,7
Woodbury,Wet,34
Woodstock,Dry,111
Woodstock,Ice / Frost,12
Woodstock,"Mud, Dirt, Gravel",2
Woodstock,Sand,1
Woodstock,Slush,5
Woodstock,Snow,8
Woodstock,Standing Water,1
Woodstock,Wet,19
